val/loss,time/val_epoch_time,time/val_total_time,epoch,step
0.4175245761871338,3.9131219387054443,5.034627914428711,0,3
